package,name,composable,skippable,restartable,readonly,inline,isLambda,hasDefaults,defaultsGroup,groups,calls,
com.example.canvasexample.GraphLabNDK,GraphLabNDK,1,1,1,0,0,0,0,0,1,17,
com.example.canvasexample.AddNodeDialog,AddNodeDialog,1,1,1,0,0,0,1,0,2,1,
com.example.canvasexample.NodeDetailPreview,NodeDetailPreview,1,1,1,0,0,0,0,0,1,1,
com.example.canvasexample.pixelToDp,pixelToDp,1,0,0,0,0,0,0,0,1,1,
com.example.canvasexample.composable.MotionScaffoldNDK,MotionScaffoldNDK,1,1,1,0,0,0,1,0,2,6,
com.example.canvasexample.composable.DrawNodeSelectedNDK,DrawNodeSelectedNDK,1,1,1,0,0,0,0,0,1,5,
com.example.canvasexample.composable.DrawNodeSelectedNDKV2,DrawNodeSelectedNDKV2,1,1,1,0,0,0,0,0,1,8,
com.example.canvasexample.composable.DrawNodeSelectedNDKV3,DrawNodeSelectedNDKV3,1,1,1,0,0,0,0,0,1,5,
com.example.canvasexample.composable.DrawEdgeSelectedNDK,DrawEdgeSelectedNDK,1,1,1,0,0,0,0,0,1,2,
com.example.canvasexample.composable.DrawEdgeSelectedNDKV2,DrawEdgeSelectedNDKV2,1,1,1,0,0,0,0,0,1,4,
com.example.canvasexample.composable.drawNotificationNodeNDK,drawNotificationNodeNDK,1,1,1,0,0,0,0,0,1,3,
com.example.canvasexample.ui.theme.CanvasExampleTheme,CanvasExampleTheme,1,1,1,0,0,0,1,0,3,5,
